"Cód.","Nombre","","Provincia","Región","Superficie (km2)","Población 2012","Densidad (hab./km2)","IDH 2005"
"15101","Arica","","Arica","Arica y Parinacota","4.799,4","210.936","38,4","0,736"
"15102","Camarones","","Arica","Arica y Parinacota","3.927,0","679","0,3","0,751"
"15201","Putre","","Parinacota","Arica y Parinacota","5.902,5","1.462","0,2","0,707"
"15202","General Lagos","","Parinacota","Arica y Parinacota","2.244,4","739","0,5","0,670"
"01101","Iquique","","Iquique","Tarapacá","2.242,1","184.953","82,4","0,766"
"01107","Alto Hospicio","","Iquique","Tarapacá","572,9","94.455","87,6",""
"01401","Pozo Almonte","","Tamarugal","Tarapacá","13.765,8","11.519","0,7","0,722"
"01402","Camiña","","Tamarugal","Tarapacá","2.200,2","1.156","0,5","0,619"
"01403","Colchane","","Tamarugal","Tarapacá","4.015,6","1.384","0,4","0,603"
"01404","Huara","","Tamarugal","Tarapacá","10.474,6","2.360","0,2","0,676"
"01405","Pica","","Tamarugal","Tarapacá","8.934,3","4.194","0,6","0,793"
"02101","Antofagasta","","Antofagasta","Antofagasta","30.718,1","348.669","9,7","0,734"
"02102","Mejillones","","Antofagasta","Antofagasta","3.803,9","9.752","2,2","0,730"
"02103","Sierra Gorda","","Antofagasta","Antofagasta","12.886,0","1.206","0,1","0,789"
"02104","Taltal","","Antofagasta","Antofagasta","20.405,1","13.493","0,5","0,716"
"02201","Calama","","El Loa","Antofagasta","15.596,9","147.886","9,1","0,757"
"02202","Ollagüe","","El Loa","Antofagasta","2.964,0","332","0,1","0,679"
"02203","San Pedro de Atacama","","El Loa","Antofagasta","23.439,0","5.605","0,2","0,711"
"02301","Tocopilla","","Tocopilla","Antofagasta","4.038,8","20.091","5,9","0,690"
"02302","María Elena","","Tocopilla","Antofagasta","12.197,0","4.593","0,6","0,779"
"03101","Copiapó","","Copiapó","Atacama","16.681,3","158.261","11,9","0,725"
"03102","Caldera","","Copiapó","Atacama","4.666,6","16.150","2,9","0,741"
"03103","Tierra Amarilla","","Copiapó","Atacama","11.191,0","13.912","1,1","0,686"
"03201","Chañaral","","Chañaral","Atacama","5.772,0","14.146","2,2","0,714"
"03202","Diego de Almagro","","Chañaral","Atacama","18.664,0","16.452","1,0","0,789"
"03301","Vallenar","","Huasco","Atacama","7.084,0","52.099","6,7","0,731"
"03302","Alto del Carmen","","Huasco","Atacama","5.939,0","5.488","0,8","0,664"
"03303","Freirina","","Huasco","Atacama","3.207,0","6.531","1,7","0,693"
"03304","Huasco","","Huasco","Atacama","1.601,4","9.015","5,6","0,695"
"04101","La Serena","","Elqui","Coquimbo","1.892,8","211.275","132,5","0,781"
"04102","Coquimbo","","Elqui","Coquimbo","1.429,0","202.441","141,6","0,731"
"04103","Andacollo","","Elqui","Coquimbo","310,0","11.116","33,1","0,675"
"04104","La Higuera","","Elqui","Coquimbo","4.158,2","4.331","0,8","0,670"
"04105","Paihuano","","Elqui","Coquimbo","1.495,0","4.252","2,8","0,734"
"04106","Vicuña","","Elqui","Coquimbo","7.610,0","26.029","3,2","0,716"
"04201","Illapel","","Choapa","Coquimbo","2.629,0","30.598","11,6","0,667"
"04202","Canela","","Choapa","Coquimbo","2.196,6","9.182","4,2","0,644"
"04203","Los Vilos","","Choapa","Coquimbo","1.823,8","18.483","9,6","0,675"
"04204","Salamanca","","Choapa","Coquimbo","3.445,0","25.671","7,1","0,676"
"04301","Ovalle","","Limarí","Coquimbo","3.835,0","112.956","28,1","0,725"
"04302","Combarbalá","","Limarí","Coquimbo","2.257,5","13.818","7,7","0,661"
"04303","Monte Patria","","Limarí","Coquimbo","4.366,9","30.137","6,9","0,653"
"04304","Punitaqui","","Limarí","Coquimbo","1.339,0","10.418","7,1","0,653"
"04305","Río Hurtado","","Limarí","Coquimbo","2.180,0","4.149","1,9","0,653"
"05101","Valparaíso","","Valparaíso","Valparaíso","401,6","308.137","687,2","0,701"
"05102","Casablanca","","Valparaíso","Valparaíso","953,0","25.165","22,9","0,712"
"05103","Concón","","Valparaíso","Valparaíso","76,0","63.210","424,6","0,781"
"05104","Juan Fernández","","Valparaíso","Valparaíso","149,4","792","4,0","0,744"
"05105","Puchuncaví","","Valparaíso","Valparaíso","300,0","16.371","43,1","0,734"
"05107","Quintero","","Valparaíso","Valparaíso","148,0","28.066","143,5","0,733"
"05109","Viña del Mar","","Valparaíso","Valparaíso","121,6","311.399","2.560,8","0,766"
"05201","Isla de Pascua","","Isla de Pascua","Valparaíso","163,6","5.761","23,1","0,715"
"05301","Los Andes","","Los Andes","Valparaíso","1.248,0","110.866","48,2","0,756"
"05302","Calle Larga","","Los Andes","Valparaíso","321,7","11.110","34,3","0,706"
"05303","Rinconada","","Los Andes","Valparaíso","122,5","8.097","63,8","0,691"
"05304","San Esteban","","Los Andes","Valparaíso","681,0","17.371","12,5","0,732"
"05401","La Ligua","","Petorca","Valparaíso","1.163,0","38.524","27,5","0,708"
"05402","Cabildo","","Petorca","Valparaíso","1.455,0","21.094","13,0","0,671"
"05403","Papudo","","Petorca","Valparaíso","64,2","5.643","71,7","0,734"
"05404","Petorca","","Petorca","Valparaíso","11,6","10.074","390,5","0,696"
"05405","Zapallar","","Petorca","Valparaíso","288,0","6.726","22,1","0,743"
"05501","Quillota","","Quillota","Valparaíso","302,0","88.803","288,5","0,726"
"05502","La Calera","","Quillota","Valparaíso","60,5","55.207","830,0","0,700"
"05503","Hijuelas","","Quillota","Valparaíso","267,0","19.132","71,6","0,672"
"05504","La Cruz","","Quillota","Valparaíso","78,0","17.346","164,3","0,763"
"05506","Nogales","","Quillota","Valparaíso","405,0","26.385","53,3","0,689"
"05601","San Antonio","","San Antonio","Valparaíso","405,0","87.697","215,3","0,697"
"05602","Algarrobo","","San Antonio","Valparaíso","176,0","13.472","48,9","0,722"
"05603","Cartagena","","San Antonio","Valparaíso","246,0","17.029","68,6","0,708"
"05604","El Quisco","","San Antonio","Valparaíso","51,0","15.829","185,6","0,745"
"05605","El Tabo","","San Antonio","Valparaíso","99,0","11.861","71,0","0,747"
"05606","Santo Domingo","","San Antonio","Valparaíso","536,0","9.205","34,5","0,751"
"05701","San Felipe","","San Felipe de Aconcagua","Valparaíso","186,0","72.121","344,9","0,730"
"05702","Catemu","","San Felipe de Aconcagua","Valparaíso","361,6","13.902","33,5","0,669"
"05703","Llaillay","","San Felipe de Aconcagua","Valparaíso","349,1","23.680","62,0","0,676"
"05704","Panquehue","","San Felipe de Aconcagua","Valparaíso","121,9","7.569","53,8","0,696"
"05705","Putaendo","","San Felipe de Aconcagua","Valparaíso","7,68","17.369","1938,8","0,674"
"05706","Santa María","","San Felipe de Aconcagua","Valparaíso","166,3","14.504","9,2","0,699"
"05801","Quilpué","","Marga Marga","Valparaíso","537,0","162.320","280,7","0,752"
"05802","Limache","","Marga Marga","Valparaíso","294,0","45.864","133,4","0,722"
"05803","Olmué","","Marga Marga","Valparaíso","232,0","16.243","70,5","0,701"
"05804","Villa Alemana","","Marga Marga","Valparaíso","97,0","135.368","1.225,6","0,755"
"06101","Rancagua","","Cachapoal","Lib. Gral. Bernardo O'Higgins","260,3","250.638","823,4","0,732"
"06102","Codegua","","Cachapoal","Lib. Gral. Bernardo O'Higgins","287,0","12.725","37,6","0,706"
"06103","Coinco","","Cachapoal","Lib. Gral. Bernardo O'Higgins","98,0","7.248","65,1","0,678"
"06104","Coltauco","","Cachapoal","Lib. Gral. Bernardo O'Higgins","225,0","17.620","72,1","0,644"
"06105","Doñihue","","Cachapoal","Lib. Gral. Bernardo O'Higgins","78,0","21.023","86,7","0,685"
"06106","Graneros","","Cachapoal","Lib. Gral. Bernardo O'Higgins","113,0","30.372","252,2","0,691"
"06107","Las Cabras","","Cachapoal","Lib. Gral. Bernardo O'Higgins","749,0","23.857","27,0","0,661"
"06108","Machalí","","Cachapoal","Lib. Gral. Bernardo O'Higgins","2.597,0","44.566","11,1","0,730"
"06109","Malloa","","Cachapoal","Lib. Gral. Bernardo O'Higgins","113,0","14.972","113,9","0,649"
"06110","Mostazal","","Cachapoal","Lib. Gral. Bernardo O'Higgins","524,0","23.430","44,7","0,691"
"06111","Olivar","","Cachapoal","Lib. Gral. Bernardo O'Higgins","45,0","13.483","256,5","0,661"
"06112","Peumo","","Cachapoal","Lib. Gral. Bernardo O'Higgins","153,1","14.158","92,1","0,674"
"06113","Pichidegua","","Cachapoal","Lib. Gral. Bernardo O'Higgins","320,0","18.637","55,5","0,652"
"06114","Quinta de Tilcoco","","Cachapoal","Lib. Gral. Bernardo O'Higgins","93,0","12.144","122,4","0,678"
"06115","Rengo","","Cachapoal","Lib. Gral. Bernardo O'Higgins","755,0","56.188","66,8","0,680"
"06116","Requínoa","","Cachapoal","Lib. Gral. Bernardo O'Higgins","673,0","26.235","33,0","0,668"
"06117","San Vicente","","Cachapoal","Lib. Gral. Bernardo O'Higgins","497,8","47.716","66,6","0,694"
"06201","Pichilemu","","Cardenal Caro","Lib. Gral. Bernardo O'Higgins","749,1","13.916","16,5","0,677"
"06202","La Estrella","","Cardenal Caro","Lib. Gral. Bernardo O'Higgins","435,0","4.821","9,7","0,696"
"06203","Litueche","","Cardenal Caro","Lib. Gral. Bernardo O'Higgins","619,0","5.591","8,9","0,645"
"06204","Marchihue","","Cardenal Caro","Lib. Gral. Bernardo O'Higgins","660,0","7.557","10,4","0,670"
"06205","Navidad","","Cardenal Caro","Lib. Gral. Bernardo O'Higgins","300,0","5.650","18,0","0,651"
"06206","Paredones","","Cardenal Caro","Lib. Gral. Bernardo O'Higgins","562,0","6.802","11,9","0,628"
"06301","San Fernando","","Colchagua","Lib. Gral. Bernardo O'Higgins","2.441,0","75.221","30,8","0,725"
"06302","Chépica","","Colchagua","Lib. Gral. Bernardo O'Higgins","503,0","15.820","27,5","0,637"
"06303","Chimbarongo","","Colchagua","Lib. Gral. Bernardo O'Higgins","498,0","35.664","64,9","0,674"
"06304","Lolol","","Colchagua","Lib. Gral. Bernardo O'Higgins","597,0","6.630","10,4","0,628"
"06305","Nancagua","","Colchagua","Lib. Gral. Bernardo O'Higgins","111,0","18.921","140,9","0,665"
"06306","Palmilla","","Colchagua","Lib. Gral. Bernardo O'Higgins","237,0","12.373","47,3","0,676"
"06307","Peralillo","","Colchagua","Lib. Gral. Bernardo O'Higgins","282,6","10.933","38,6","0,653"
"06308","Placilla","","Colchagua","Lib. Gral. Bernardo O'Higgins","146,9","9.624","65,5","0,621"
"06309","Pumanque","","Colchagua","Lib. Gral. Bernardo O'Higgins","441,0","3.458","7,8","0,635"
"06310","Santa Cruz","","Colchagua","Lib. Gral. Bernardo O'Higgins","419,5","35.255","77,2","0,719"
"07101","Talca","","Talca","Maule","232,0","264.842","928,5","0,731"
"07102","Constitución","","Talca","Maule","1.344,0","41.416","34,3","0,715"
"07103","Curepto","","Talca","Maule","1.073,8","9.714","9,7","0,644"
"07104","Empedrado","","Talca","Maule","565,0","4.250","7,4","0,637"
"07105","Maule","","Talca","Maule","190,0","21.957","88,6","0,681"
"07106","Pelarco","","Talca","Maule","332,0","7.959","21,8","0,653"
"07107","Pencahue","","Talca","Maule","956,8","9.187","8,6","0,649"
"07108","Río Claro","","Talca","Maule","431,0","13.020","30,2","0,671"
"07109","San Clemente","","Talca","Maule","4.504,0","39.554","9,5","0,659"
"07110","San Rafael","","Talca","Maule","263,5","8.512","29,1","0,629"
"07201","Cauquenes","","Cauquenes","Maule","2.216,0","40.245","19,4","0,656"
"07202","Chanco","","Cauquenes","Maule","530,0","9.571","17,8","0,612"
"07203","Pelluhue","","Cauquenes","Maule","371,0","6.636","17,2","0,694"
"07301","Curicó","","Curicó","Maule","1.328,0","177.766","133,8","0,710"
"07302","Hualañé","","Curicó","Maule","629,0","9.977","15,4","0,631"
"07303","Licantén","","Curicó","Maule","273,0","6.689","25,2","0,705"
"07304","Molina","","Curicó","Maule","1.552,0","40.329","25,8","0,663"
"07305","Rauco","","Curicó","Maule","309,0","9.878","27,7","0,659"
"07306","Romeral","","Curicó","Maule","1.597,0","14.460","7,9","0,668"
"07307","Sagrada Familia","","Curicó","Maule","548,8","17.839","31,9","0,672"
"07308","Teno","","Curicó","Maule","618,4","28.228","45,6","0,648"
"07309","Vichuquén","","Curicó","Maule","426,0","4.335","11,5","0,678"
"07401","Linares","","Linares","Maule","1.466,0","107.311","73,1","0,710"
"07402","Colbún","","Linares","Maule","2.900,0","19.361","6,0","0,638"
"07403","Longaví","","Linares","Maule","1.454,0","28.968","19,3","0,626"
"07404","Parral","","Linares","Maule","1.638,0","39.404","23,2","0,656"
"07405","Retiro","","Linares","Maule","827,0","18.760","22,0","0,649"
"07406","San Javier","","Linares","Maule","1.313,0","40.881","31,0","0,654"
"07407","Villa Alegre","","Linares","Maule","190,0","15.428","77,5","0,648"
"07408","Yerbas Buenas","","Linares","Maule","262,0","17.158","61,5","0,640"
"08101","Concepción","","Concepción","Biobío","221,6","227.768","1.027,8","0,757"
"08102","Coronel","","Concepción","Biobío","279,4","107.508","384,8","0,682"
"08103","Chiguayante","","Concepción","Biobío","71,5","115.366","1.613,5","0,764"
"08104","Florida","","Concepción","Biobío","608,6","9.867","16,2","0,604"
"08105","Hualqui","","Concepción","Biobío","530,5","21.934","41,3","0,666"
"08106","Lota","","Concepción","Biobío","135,8","48.045","353,8","0,643"
"08107","Penco","","Concepción","Biobío","107,6","52.389","486,9","0,689"
"08108","San Pedro de La Paz","","Concepción","Biobío","112,5","94.827","842,9","0,787"
"08109","Santa Juana","","Concepción","Biobío","731,2","13.331","18,2","0,626"
"08110","Talcahuano","","Concepción","Biobío","92,3","171.673","1.859,9","0,731"
"08111","Tomé","","Concepción","Biobío","494,5","55.764","112,8","0,668"
"08112","Hualpén","","Concepción","Biobío","53,5","86.176","1.610,8",""
"08201","Lebu","","Arauco","Biobío","561,4","25.790","45,9","0,633"
"08202","Arauco","","Arauco","Biobío","956,1","41.153","43,0","0,704"
"08203","Cañete","","Arauco","Biobío","1.089,2","33.535","30,8","0,641"
"08204","Contulmo","","Arauco","Biobío","638,8","5.188","8,1","0,603"
"08205","Curanilahue","","Arauco","Biobío","994,3","33.855","31,0","0,643"
"08206","Los Álamos","","Arauco","Biobío","599,1","20.723","34,6","0,645"
"08207","Tirúa","","Arauco","Biobío","624,4","10.859","17,4","0,584"
"08301","Los Ángeles","","Biobío","Biobío","1.748,2","195.813","112,0","0,696"
"08302","Antuco","","Biobío","Biobío","1.884,1","3.774","2,0","0,662"
"08303","Cabrero","","Biobío","Biobío","639,8","29.532","46,2","0,635"
"08304","Laja","","Biobío","Biobío","339,8","20.964","61,7","0,665"
"08305","Mulchén","","Biobío","Biobío","1.925,3","28.517","14,8","0,639"
"08306","Nacimiento","","Biobío","Biobío","934,9","26.145","28,0","0,656"
"08307","Negrete","","Biobío","Biobío","156,5","8.933","57,1","0,629"
"08308","Quilaco","","Biobío","Biobío","1.123,7","3.722","3,3","0,635"
"08309","Quilleco","","Biobío","Biobío","1.121,8","10.396","9,3","0,641"
"08310","San Rosendo","","Biobío","Biobío","92,4","3.627","39,3","0,647"
"08311","Santa Bárbara","","Biobío","Biobío","1.254,9","14.612","11,6","0,637"
"08312","Tucapel","","Biobío","Biobío","914,9","13.442","14,7","0,655"
"08313","Yumbel","","Biobío","Biobío","727,0","20.572","28,3","0,597"
"08314","Alto Biobío","","Biobío","Biobío","2.124,6","10.039","4,7",""
"08401","Chillán","","Ñuble","Biobío","511,2","175.585","343,5","0,714"
"08402","Bulnes","","Ñuble","Biobío","425,4","21.542","50,6","0,626"
"08403","Cobquecura","","Ñuble","Biobío","570,3","5.173","9,1","0,633"
"08404","Coelemu","","Ñuble","Biobío","342,3","15.461","45,2","0,611"
"08405","Coihueco","","Ñuble","Biobío","1.776,6","24.714","13,9","0,639"
"08406","Chillán Viejo","","Ñuble","Biobío","291,8","29.199","100,1","0,732"
"08407","El Carmen","","Ñuble","Biobío","664,3","11.830","17,8","0,611"
"08408","Ninhue","","Ñuble","Biobío","401,2","5.278","13,2","0,569"
"08409","Ñiquén","","Ñuble","Biobío","493,1","10.063","20,4","0,629"
"08410","Pemuco","","Ñuble","Biobío","562,7","9.120","16,2","0,631"
"08411","Pinto","","Ñuble","Biobío","1.164,0","10.883","9,3","0,618"
"08412","Portezuelo","","Ñuble","Biobío","282,3","5.061","17,9","0,599"
"08413","Quillón","","Ñuble","Biobío","423,0","15.525","36,7","0,590"
"08414","Quirihue","","Ñuble","Biobío","589,0","11.851","20,1","0,594"
"08415","Ránquil","","Ñuble","Biobío","248,3","4.983","20,1","0,586"
"08416","San Carlos","","Ñuble","Biobío","874,0","51.335","58,7","0,653"
"08417","San Fabián","","Ñuble","Biobío","1.568,3","3.503","2,2","0,618"
"08418","San Ignacio","","Ñuble","Biobío","363,6","15.770","43,4","0,618"
"08419","San Nicolás","","Ñuble","Biobío","490,5","10.051","20,5","0,625"
"08420","Treguaco","","Ñuble","Biobío","313,1","4.995","16,0","0,562"
"08421","Yungay","","Ñuble","Biobío","823,5","18.234","22,1","0,669"
"09101","Temuco","","Cautín","La Araucanía","464,0","269.992","8039,0","0,763"
"09102","Carahue","","Cautín","La Araucanía","1.340,6","25.718","19,2","0,604"
"09103","Cunco","","Cautín","La Araucanía","1.906,5","19.024","10,0","0,659"
"09104","Curarrehue","","Cautín","La Araucanía","1.170,7","7.540","6,4","0,603"
"09105","Freire","","Cautín","La Araucanía","935,2","27.616","29,5","0,614"
"09106","Galvarino","","Cautín","La Araucanía","568,2","11.324","19,9","0,611"
"09107","Gorbea","","Cautín","La Araucanía","694,5","15.481","22,3","0,644"
"09108","Lautaro","","Cautín","La Araucanía","901,1","35.451","39,3","0,669"
"09109","Loncoche","","Cautín","La Araucanía","976,8","22.191","22,7","0,652"
"09110","Melipeuco","","Cautín","La Araucanía","1.107,3","5.451","4,9","0,629"
"09111","Nueva Imperial","","Cautín","La Araucanía","732,5","32.109","43,8","0,629"
"09112","Padre Las Casas","","Cautín","La Araucanía","400,7","72.135","180,0","0,662"
"09113","Perquenco","","Cautín","La Araucanía","330,7","6.911","20,9","0,630"
"09114","Pitrufquén","","Cautín","La Araucanía","580,7","23.776","40,9","0,663"
"09115","Pucón","","Cautín","La Araucanía","1.248,5","29.987","24,0","0,767"
"09116","Saavedra","","Cautín","La Araucanía","400,8","13.481","33,6","0,574"
"09117","Teodoro Schmidt","","Cautín","La Araucanía","649,9","15.793","24,3","0,607"
"09118","Toltén","","Cautín","La Araucanía","860,4","10.403","12,1","0,617"
"09119","Vilcún","","Cautín","La Araucanía","1.420,9","23.823","16,8","0,643"
"09120","Villarrica","","Cautín","La Araucanía","1.291,1","56.178","43,5","0,698"
"09121","Cholchol","","Cautín","La Araucanía","427,9","10.825","25,3",""
"09201","Angol","","Malleco","La Araucanía","1.194,4","51.136","42,8","0,707"
"09202","Collipulli","","Malleco","La Araucanía","1.295,9","21.705","16,7","0,633"
"09203","Curacautín","","Malleco","La Araucanía","1.664,0","15.728","9,5","0,657"
"09204","Ercilla","","Malleco","La Araucanía","499,7","9.148","18,3","0,609"
"09205","Lonquimay","","Malleco","La Araucanía","3.914,2","11.341","2,9","0,629"
"09206","Los Sauces","","Malleco","La Araucanía","849,8","6.490","7,6","0,602"
"09207","Lumaco","","Malleco","La Araucanía","1.119,0","10.479","9,4","0,603"
"09208","Purén","","Malleco","La Araucanía","464,9","11.789","25,4","0,594"
"09209","Renaico","","Malleco","La Araucanía","267,4","9.028","33,8","0,615"
"09210","Traiguén","","Malleco","La Araucanía","908,0","18.357","20,2","0,657"
"09211","Victoria","","Malleco","La Araucanía","1.256,0","33.127","26,4","0,686"
"14101","Valdivia","","Valdivia","Los Ríos","1.016,0","163.148","138,4","0,754"
"14102","Corral","","Valdivia","Los Ríos","767,0","5.084","7,1","0,658"
"14103","Lanco","","Valdivia","Los Ríos","532,4","16.663","28,4","0,648"
"14104","Los Lagos","","Valdivia","Los Ríos","1.791,2","18.733","11,3","0,658"
"14105","Máfil","","Valdivia","Los Ríos","583,0","7.006","12,3","0,655"
"14106","Mariquina","","Valdivia","Los Ríos","1.320,5","19.823","15,1","0,653"
"14107","Paillaco","","Valdivia","Los Ríos","896,0","19.898","22,0","0,647"
"14108","Panguipulli","","Valdivia","Los Ríos","3.292,0","35.185","10,1","0,627"
"14201","La Unión","","Ranco","Los Ríos","2.137,0","38.544","18,4","0,687"
"14202","Futrono","","Ranco","Los Ríos","2.267,5","15.811","6,6","0,637"
"14203","Lago Ranco","","Ranco","Los Ríos","1.763,3","9.380","5,7","0,606"
"14204","Río Bueno","","Ranco","Los Ríos","2.211,7","31.343","15,5","0,624"
"10101","Puerto Montt","","Llanquihue","Los Lagos","1.673,0","248.945","142,5","0,718"
"10102","Calbuco","","Llanquihue","Los Lagos","590,8","34.902","59,1","0,642"
"10103","Cochamó","","Llanquihue","Los Lagos","3.910,8","4.326","1,1","0,690"
"10104","Fresia","","Llanquihue","Los Lagos","1.278,1","12.454","9,7","0,657"
"10105","Frutillar","","Llanquihue","Los Lagos","831,4","17.756","21,4","0,669"
"10106","Los Muermos","","Llanquihue","Los Lagos","1.245,8","16.522","13,3","0,648"
"10107","Llanquihue","","Llanquihue","Los Lagos","420,8","18.151","43,1","0,695"
"10108","Maullín","","Llanquihue","Los Lagos","860,8","13.914","16,2","0,691"
"10109","Puerto Varas","","Llanquihue","Los Lagos","4.064,9","39.414","9,7","0,748"
"10201","Castro","","Chiloé","Los Lagos","472,5","50.764","107,4","0,720"
"10202","Ancud","","Chiloé","Los Lagos","1.752,4","41.960","23,9","0,705"
"10203","Chonchi","","Chiloé","Los Lagos","1.362,1","14.639","10,7","0,641"
"10204","Curaco de Vélez","","Chiloé","Los Lagos","80,0","3.884","48,6","0,702"
"10205","Dalcahue","","Chiloé","Los Lagos","1.239,4","14.548","11,7","0,690"
"10206","Puqueldón","","Chiloé","Los Lagos","97,3","4.097","42,1","0,628"
"10207","Queilén","","Chiloé","Los Lagos","332,9","5.319","16,0","0,646"
"10208","Quellón","","Chiloé","Los Lagos","3.244,0","30.964","9,5","0,670"
"10209","Quemchi","","Chiloé","Los Lagos","440,3","9.191","20,9","0,656"
"10210","Quinchao","","Chiloé","Los Lagos","160,7","9.043","56,3","0,648"
"10301","Osorno","","Osorno","Los Lagos","951,0","153.797","152,9","0,700"
"10302","Puerto Octay","","Osorno","Los Lagos","1.795,7","9.480","5,3","0,679"
"10303","Purranque","","Osorno","Los Lagos","1.458,8","20.768","14,2","0,627"
"10304","Puyehue","","Osorno","Los Lagos","1.597,9","11.370","7,1","0,675"
"10305","Río Negro","","Osorno","Los Lagos","1.265,7","13.425","10,6","0,633"
"10306","San Juan de la Costa","","Osorno","Los Lagos","1.517,0","7.997","5,3","0,510"
"10307","San Pablo","","Osorno","Los Lagos","637,3","9.150","14,4","0,625"
"10401","Chaitén","","Palena","Los Lagos","8.470,5","7.122","0,8","0,704"
"10402","Futaleufú","","Palena","Los Lagos","1.280,0","1.836","1,4","0,665"
"10403","Hualaihué","","Palena","Los Lagos","2.787,7","8.426","3,0","0,659"
"10404","Palena","","Palena","Los Lagos","2.763,7","1.665","0,6","0,667"
"11101","Coyhaique","","Coyhaique","Aysén del Gral. C. Ibáñez del Campo","7.290,2","59.221","6,8","0,751"
"11102","Lago Verde","","Coyhaique","Aysén del Gral. C. Ibáñez del Campo","5.422,3","925","0,2","0,637"
"11201","Aysén","","Aysén","Aysén del Gral. C. Ibáñez del Campo","29.796,4","27.187","0,9","0,674"
"11202","Cisnes","","Aysén","Aysén del Gral. C. Ibáñez del Campo","16.093,0","6.166","0,3","0,725"
"11203","Guaitecas","","Aysén","Aysén del Gral. C. Ibáñez del Campo","620,6","1.862","2,4","0,654"
"11301","Cochrane","","Capitán Prat","Aysén del Gral. C. Ibáñez del Campo","8.599,5","2.759","0,3","0,668"
"11302","O'Higgins","","Capitán Prat","Aysén del Gral. C. Ibáñez del Campo","8.182,5","700","0,1","0,572"
"11303","Tortel","","Capitán Prat","Aysén del Gral. C. Ibáñez del Campo","19.710,6","531","0,0","0,655"
"11401","Chile Chico","","General Carrera","Aysén del Gral. C. Ibáñez del Campo","5.737,1","5.334","0,8","0,707"
"11402","Río Ibáñez","","General Carrera","Aysén del Gral. C. Ibáñez del Campo","5.997,2","2.208","0,4","0,654"
"12101","Punta Arenas","","Magallanes","Magallanes y Antártica Chilena","17.846,3","125.483","6,8","0,748"
"12102","Laguna Blanca","","Magallanes","Magallanes y Antártica Chilena","3.695,6","631","0,0","0,785"
"12103","Río Verde","","Magallanes","Magallanes y Antártica Chilena","17.248,0","363","0,0","0,784"
"12104","San Gregorio","","Magallanes","Magallanes y Antártica Chilena","6.883,7","731","0,1","0,823"
"12201","Cabo de Hornos","","Antártica Chilena","Magallanes y Antártica Chilena","15.578,7","1.677","0,1","0,806"
"12202","Antártica","","Antártica Chilena","Magallanes y Antártica Chilena","1.250.257,6","127","0,0",""
"12301","Porvenir","","Tierra del Fuego","Magallanes y Antártica Chilena","9.707,4","5.650","0,8","0,731"
"12302","Primavera","","Tierra del Fuego","Magallanes y Antártica Chilena","4.253,4","803","0,2","0,774"
"12303","Timaukel","","Tierra del Fuego","Magallanes y Antártica Chilena","10.758,9","873","0,1","0,717"
"12401","Natales","","Última Esperanza","Magallanes y Antártica Chilena","49.924,1","21.327","0,4","0,699"
"12402","Torres del Paine","","Última Esperanza","Magallanes y Antártica Chilena","6.630,0","1.163","0,1","0,730"
"13101","Santiago","","Santiago","Metropolitana de Santiago","22,0","237.369","8.654,8","0,807"
"13102","Cerrillos","","Santiago","Metropolitana de Santiago","21,0","79.195","3.422,1","0,743"
"13103","Cerro Navia","","Santiago","Metropolitana de Santiago","11,0","128.090","13.361,4","0,683"
"13104","Conchalí","","Santiago","Metropolitana de Santiago","10,7","121.118","11.229,0","0,707"
"13105","El Bosque","","Santiago","Metropolitana de Santiago","14,2","162.671","12.365,0","0,711"
"13106","Estación Central","","Santiago","Metropolitana de Santiago","15,0","119.292","8.601,5","0,735"
"13107","Huechuraba","","Santiago","Metropolitana de Santiago","44,8","87.667","1.886,6","0,737"
"13108","Independencia","","Santiago","Metropolitana de Santiago","7,0","73.874","9.354,1","0,709"
"13109","La Cisterna","","Santiago","Metropolitana de Santiago","10,0","80.910","8.511,8","0,775"
"13110","La Florida","","Santiago","Metropolitana de Santiago","70,2","397.497","5.209,0","0,804"
"13111","La Granja","","Santiago","Metropolitana de Santiago","10,0","121.214","13.252,0","0,689"
"13112","La Pintana","","Santiago","Metropolitana de Santiago","30,6","202.146","8.511,8","0,679"
"13113","La Reina","","Santiago","Metropolitana de Santiago","23,0","91.927","9.618,3","0,883"
"13114","Las Condes","","Santiago","Metropolitana de Santiago","99,0","289.949","2.524,2","0,933"
"13115","Lo Barnechea","","Santiago","Metropolitana de Santiago","1.024,0","97.230","73,0","0,912"
"13116","Lo Espejo","","Santiago","Metropolitana de Santiago","7,0","99.527","15.667,0","0,657"
"13117","Lo Prado","","Santiago","Metropolitana de Santiago","7,0","94.766","13.100,4","0,715"
"13118","Macul","","Santiago","Metropolitana de Santiago","12,9","111.436","8.656,5","0,806"
"13119","Maipú","","Santiago","Metropolitana de Santiago","135,5","805.000","3.876,2","0,902"
"13120","Ñuñoa","","Santiago","Metropolitana de Santiago","16,9","195.410","8.937,5","0,860"
"13121","Pedro Aguirre Cerda","","Santiago","Metropolitana de Santiago","10,0","104.018","11.456,0","0,708"
"13122","Peñalolén","","Santiago","Metropolitana de Santiago","54,0","249.621","4.001,1","0,743"
"13123","Providencia","","Santiago","Metropolitana de Santiago","14,3","126.487","8.429,1","0,911"
"13124","Pudahuel","","Santiago","Metropolitana de Santiago","197,0","225.509","993,7","0,735"
"13125","Quilicura","","Santiago","Metropolitana de Santiago","58,0","203.946","3.486,6","0,782"
"13126","Quinta Normal","","Santiago","Metropolitana de Santiago","13,0","101.737","8.388,0","0,723"
"13127","Recoleta","","Santiago","Metropolitana de Santiago","16,0","152.985","9.273,8","0,697"
"13128","Renca","","Santiago","Metropolitana de Santiago","24,0","142.136","8.388,1","0,709"
"13129","San Joaquín","","Santiago","Metropolitana de Santiago","9,7","94.255","10.064,4","0,719"
"13130","San Miguel","","Santiago","Metropolitana de Santiago","10,0","90.846","7.787,2","0,765"
"13131","San Ramón","","Santiago","Metropolitana de Santiago","7,0","85.195","14.600,9","0,679"
"13132","Vitacura","","Santiago","Metropolitana de Santiago","28,3","84.195","2.910,7","0,949"
"13201","Puente Alto","","Cordillera","Metropolitana de Santiago","88,0","757.721","6.664,8","0,773"
"13202","Pirque","","Cordillera","Metropolitana de Santiago","445,3","20.732","37,2","0,807"
"13203","San José de Maipo","","Cordillera","Metropolitana de Santiago","4.994,8","14.455","0,3","0,759"
"13301","Colina","","Chacabuco","Metropolitana de Santiago","971,2","113.340","80,1","0,726"
"13302","Lampa","","Chacabuco","Metropolitana de Santiago","452,0","79.421","89,0","0,697"
"13303","Til Til","","Chacabuco","Metropolitana de Santiago","653,0","16.405","22,6","0,706"
"13401","San Bernardo","","Maipo","Metropolitana de Santiago","155,0","277.802","1.974,0","0,712"
"13402","Buin","","Maipo","Metropolitana de Santiago","214,0","74.232","296,2","0,731"
"13403","Calera de Tango","","Maipo","Metropolitana de Santiago","73,3","27.781","782,6","0,792"
"13404","Paine","","Maipo","Metropolitana de Santiago","820,0","66.512","73,7","0,718"
"13501","Melipilla","","Melipilla","Metropolitana de Santiago","1.345,0","107.698","70,3","0,735"
"13502","Alhué","","Melipilla","Metropolitana de Santiago","845,0","4.646","5,2","0,700"
"13503","Curacaví","","Melipilla","Metropolitana de Santiago","693,0","28.439","35,1","0,710"
"13504","María Pinto","","Melipilla","Metropolitana de Santiago","393,5","12.501","115,6","0,698"
"13505","San Pedro","","Melipilla","Metropolitana de Santiago","788,0","8.062","9,6","0,701"
"13601","Talagante","","Talagante","Metropolitana de Santiago","126,0","78.887","474,6","0,749"
"13602","El Monte","","Talagante","Metropolitana de Santiago","118,0","32.468","224,2","0,688"
"13603","Isla de Maipo","","Talagante","Metropolitana de Santiago","189,0","33.723","136,5","0,724"
"13604","Padre Hurtado","","Talagante","Metropolitana de Santiago","80,8","50.696","626,2","0,728"
"13605","Peñaflor","","Talagante","Metropolitana de Santiago","69,0","87.741","965,5","0,753"
